Product Id,URL
687365899,/ip/Red-Grapes-10-oz/687365899
10295697,/ip/Kraft-Classic-Catalina-Dressing-16-fl-oz-Bottle/10295697
10414005,/ip/Hidden-Valley-Original-Ranch-Fat-Free-Salad-Dressing-Topping-Gluten-Free-16-oz-Bottle/10414005
25294821,/ip/Tyson-All-Natural-Bone-In-Split-Chicken-Breasts-2-0-3-6-lb/25294821
10532745,No URL
10532745,No URL
52468058,/ip/Great-Value-Thin-Sliced-Chipotle-Chicken-Breast-8-oz/52468058
47865683,/ip/Great-Value-Premium-Thin-Sliced-Honey-Ham-16-Oz/47865683
10292748,/ip/Oscar-Mayer-Deli-Fresh-Smoked-Uncured-Ham-Lunch-Meat-9-oz-Package/10292748
10452407,/ip/Great-Value-Strawberry-Cream-Cheese-Spread-8-oz/10452407
170783496,/ip/LALA-Drinkable-Yogurt-Mixed-Berry-7-Oz-4-Count/170783496
196380557,/ip/LALA-Drinkable-Yogurt-Pina-Colada-7-Oz-4-Count/196380557
34788345,/ip/Great-Value-Light-Greek-Yogurt-Blueberry-21-2-oz-4-Count/34788345
34788348,/ip/Great-Value-Light-Greek-Strawberry-Nonfat-Yogurt-5-3-oz-4-count/34788348
158681966,/ip/Light-Fit-Nonfat-Gluten-Free-Strawberry-Banana-Yogurt-5-3-Oz-Cups-4-Count/158681966
46490639,/ip/Great-Value-Original-Strawberry-Strawberry-Banana-Lowfat-Yogurt-6-oz-12-count/46490639
10801610,/ip/Lactaid-100-Lactose-Free-Fat-Free-Milk-64oz/10801610
10315733,/ip/Great-Value-Organic-Vanilla-Soymilk-1-2-gal/10315733
22478901,/ip/Crystal-Farms-All-Whites-100-Liquid-Egg-Whites-32-Oz/22478901
26386671,/ip/Great-Value-Spreadable-Butter-with-Canola-Oil-15-oz/26386671
45956707,/ip/Land-O-Lakes-Butter-with-Olive-Oil-Sea-Salt-13-oz/45956707
10411847,/ip/Pinnacle-Foods-Smart-Balance-Buttery-Spread-13-oz/10411847
676240787,/ip/Land-O-Lakes-Soft-Squeeze-Butter-Spread-12-Oz/676240787
10294996,/ip/Dean-s-Ranch-Dip-16-Oz/10294996
15724150,/ip/Green-Mountain-Coffee-Sumatra-Reserve-Fair-Trade-Certified-Organic-K-Cup-Pods-Dark-Roast-18-Count-for-Keurig-Brewers/15724150
46778124,/ip/JM-Smucker-Dunkin-Donuts-Keurig-Hot-Coffee-16-ea/46778124
190119038,/ip/Arizona-Arnold-Palmer-Zero-Half-Half-Iced-Tea-Lemonade-128-Fl-Oz/190119038
14532476,/ip/Pepsi-Soda-12-Fl-Oz-12-Count/14532476
10450656,/ip/Gatorade-G2-Thirst-Quencher-Lower-Sugar-Sports-Drink-Fruit-Punch-20-oz-Bottles-8-Count/10450656
24389690,/ip/NESTLE-SPLASH-Water-Beverage-with-Natural-Fruit-Flavor-Acai-Grape-Flavor-16-9-fl-oz-Plastic-Bottles-6-Count/24389690
19276141,/ip/Nestle-Splash-Lemon-Flavored-Water-16-9-Fl-Oz-6-Count/19276141
22225861,/ip/NESTLE-SPLASH-Water-Beverage-with-Natural-Fruit-Flavor-Mandarin-Orange-Flavor-16-9-fl-oz-Plastic-Bottles-6-Count/22225861
44000694,/ip/NESTLE-SPLASH-Water-Beverage-with-Natural-Fruit-Flavor-Wild-Berry-Flavor-16-9-fl-oz-Plastic-Bottles-6-Count/44000694
10791025,/ip/Mrs-T-s-Classic-Cheddar-Pierogies-24-ct-Bag/10791025
864628246,No URL
623994569,No URL
286654697,No URL
638284321,No URL
807674265,/ip/Great-Value-Lean-Stuffed-Sandwiches-Pepperoni-Cheese-2-Count/807674265
513570496,/ip/Kraft-Macaroni-and-Cheese-Dinner-With-Grilled-Chicken-and-Carrots-8-5-oz-Box/513570496
103555640,No URL
111082492,/ip/Great-Value-Italian-Style-with-Parmesan-Cheese-Pork-Meatballs-12-Count-1-88-lb/111082492
10293737,/ip/Breyers-Original-Mint-Chocolate-Chip-Ice-Cream-48-oz/10293737
10293738,/ip/Breyers-Original-Ice-Cream-Natural-Strawberry-48oz/10293738
10533865,/ip/Great-Value-Reduced-Fat-Crescent-Rolls-8-Oz-8-Count/10533865
21283640,/ip/NESTLE-TOLL-HOUSE-Peanut-Butter-Chocolate-Chip-Cookie-Dough-16-oz-Pack/21283640
13727065,/ip/Jell-O-Sugar-Free-Chocolate-Fudge-Instant-Pudding-Mix-1-4-oz-Box/13727065
517767856,/ip/Great-Value-Chocolate-Cream-Cheese-Frosting-16-Oz/517767856
151069795,/ip/Great-Value-Vanilla-Frosting-16-oz/151069795
898331489,/ip/Great-Value-Vanilla-Cream-Cheese-Frosting-16-Oz/898331489
813301221,No URL
915906612,No URL
20553397,No URL
290342716,/ip/Great-value-Hickory-Barbecue-Sauce-18-oz/290342716
691861856,No URL
161757839,/ip/Sweet-Baby-Rays-Honey-BBQ-Wing-Sauce-16-oz/161757839
14651651,/ip/Kraft-Light-Mayo-30-fl-oz-Jar/14651651
14651651,/ip/Kraft-Light-Mayo-30-fl-oz-Jar/14651651
22002490,No URL
36333611,/ip/Goya-Premium-Chick-Peas-Garbanzo-Beans-15-5-Oz/36333611
10314943,/ip/Great-Value-Light-Red-Kidney-Beans-16-oz/10314943
10309200,/ip/Barilla-Classic-Blue-Box-Pasta-Tri-Color-Rotini-12-oz/10309200
10309155,/ip/Barilla-Classic-Blue-Box-Pasta-Linguine-16-oz/10309155
10403569,/ip/Arnold-Premium-Italian-Bread-with-a-Soft-Delicious-Texture-Golden-Crust-20-oz/10403569
10403569,/ip/Arnold-Premium-Italian-Bread-with-a-Soft-Delicious-Texture-Golden-Crust-20-oz/10403569
10309350,/ip/Mission-Garden-Spinach-Herb-Wraps-6-Count/10309350
15754302,/ip/Lenders-Bagel-Shop-Bagels-Blueberry-Bagels-17-1-Oz-6-Count/15754302
13033158,/ip/Great-Value-Original-English-Muffins-12-Oz-6-Count/13033158
40512913,/ip/Thomas-Double-Oat-and-Protein-English-Muffins-6-count-12-oz/40512913
16935723,No URL
16504553,No URL
417196745,No URL
170357761,No URL
49533246,/ip/Great-Value-Frosted-Toaster-Pastries-S-mores-29-3-oz-16-Count/49533246
10813524,No URL
700410922,No URL
22109596,/ip/Great-Value-Fat-Free-Value-Size-Stick-Pretzels-20-Oz/22109596
49932855,No URL
22002522,/ip/Welch-s-Fruit-N-Yogurt-Fruit-Snacks-Strawberry-8-ct-0-8-oz/22002522
53103183,/ip/Welch-s-Berries-N-Cherries-Fruit-Snacks-8-Oz-10-Count/53103183
53103340,/ip/Welch-s-Mixed-Fruit-Snacks-Pouches-0-9-Oz-10-Count/53103340
194384892,/ip/Muscle-Milk-100-Calorie-Protein-Shake-20g-Protein-Vanilla-Creme-11-Fl-Oz-4-Count/194384892
43848338,No URL
882469515,/ip/Great-Value-Family-Napkins-White-250-Count/882469515
32631364,No URL
125617816,/ip/Great-Value-Whole-Wheat-Rotini-16-oz/125617816
45448030,/ip/Aunt-Millie-s-Hawaiian-Hot-Dog-Buns-8-ct/45448030
10320692,/ip/Progresso-Rich-and-Hearty-Chicken-Corn-Chowder-18-5-oz/10320692
411256806,No URL
897025049,/ip/El-Monterey-Em-Egg-Sausage-Cheese-Taquitos/897025049
276738146,/ip/El-Monterey-Em-Egg-Bacon-Cheese-Taquitos/276738146
203412191,/ip/El-Monterey-Em-Egg-Ham-Cheese-Taquitos/203412191
10316042,/ip/Great-Value-Garbanzos-Chick-Peas-16-oz/10316042
537133584,/ip/White-Castle-Veggie-Sliders-Frozen-Vegetarian-Burger-Sliders-4-Count/537133584
36348857,/ip/Cascadian-Farm-Organic-Raisin-Bran-Cereal-12-oz/36348857
31091075,/ip/Goya-Black-Beans-15-5-Oz/31091075
34108331,/ip/Goya-Green-Pigeon-Peas-15-0-Oz/34108331
30856904,/ip/Goya-Pinto-Beans-15-5-Oz/30856904
43365363,/ip/Goya-Goya-Kidney-Beans-15-5-oz/43365363
30859337,/ip/Goya-Black-Beans-Low-Sodium-15-5-Oz/30859337
30954559,/ip/Goya-Chick-Peas-Low-Sodium-15-5-Oz/30954559
29895443,/ip/Goya-Coconut-Milk-13-5-oz/29895443
31006345,/ip/Goya-Coconut-Milk-Cream-of-Coconut-15-oz/31006345
36346894,/ip/Goya-Coconut-Water-With-Pulp-17-6-Fl-Oz-1-Count/36346894
30958504,/ip/Goya-Canilla-Rice-5-lb/30958504
31017817,/ip/Goya-Foods-Jasmine-Rice-5-lb/31017817
490792904,/ip/Goya-Yellow-Rice-Low-Sodium-Bajo-En-Sodio-Arroz-Amarillo-Fat-Free-7-Ounces/490792904
36360105,/ip/Goya-No-1-Grade-Black-Beans-16-oz-Bag/36360105
30918509,/ip/Goya-Lentils-16-0-OZ/30918509
30988145,/ip/Goya-Green-Split-Peas-16oz/30988145
29888941,/ip/Goya-Red-Kidney-Beans-16oz/29888941
472250992,/ip/Mott-s-No-Sugar-Added-Cherry-Applesauce-3-2-oz-clear-pouches-12-count/472250992
660758489,/ip/GoGo-squeeZ-Applesauce-Apple-Apple-Apple-Banana-Apple-Mango-20-Ct/660758489
15716858,/ip/Egg-Land-s-Best-Cage-Free-Large-Brown-Grade-A-Eggs-12-Count/15716858
793179852,/ip/Annie-s-Peanut-Butter-Cookie-Dough-Protein-Bars-5-Count/793179852
523586717,/ip/Kashi-Go-Spark-Flakes-And-Clusters-Maple-Brown-Sugar-Cereal-11-Oz/523586717
698655476,/ip/Halo-Top-Light-Ice-Cream-Peanut-Butter-Jelly/698655476
22086090,/ip/Pure-Leaf-Real-Brewed-Iced-Tea-Sweet-Tea-18-5-oz-Bottles-6-Count/22086090
17326722,/ip/Boost-Women-Nutritional-Drink-Rich-Chocolate-8-Fl-Oz-6-Count/17326722
807275812,No URL
560173927,No URL
965721993,No URL
47714459,/ip/PBfit-Chocolate-Peanut-Butter-Powder-15-oz/47714459
22109596,/ip/Great-Value-Fat-Free-Value-Size-Stick-Pretzels-20-Oz/22109596
47432522,/ip/SlimFast-Advanced-Nutrition-High-Protein-Ready-to-Drink-Meal-Replacement-Shake-Strawberries-Cream-11-fl-oz-Pack-of-4/47432522
45617957,/ip/SlimFast-Original-Meal-Replacement-Shakes-French-Vanilla-11-Fl-Oz-8-Ct/45617957
502524113,/ip/Stevia-in-the-Raw-Organic-Stevia-Blend/502524113
45733436,/ip/Pure-Leaf-Iced-Tea-Sweet-Tea-64-Fl-Oz-1-Count/45733436
16504556,No URL
24389690,/ip/NESTLE-SPLASH-Water-Beverage-with-Natural-Fruit-Flavor-Acai-Grape-Flavor-16-9-fl-oz-Plastic-Bottles-6-Count/24389690
44000694,/ip/NESTLE-SPLASH-Water-Beverage-with-Natural-Fruit-Flavor-Wild-Berry-Flavor-16-9-fl-oz-Plastic-Bottles-6-Count/44000694
257706381,/ip/Chobani-Flip-Perfect-Peach-Cobbler-Low-Fat-Greek-Yogurt-5-3-Oz/257706381
683838553,/ip/Two-Good-Lowfat-Lower-Sugar-Blueberry-Greek-Yogurt-5-3-Oz/683838553
16778167,/ip/Great-Value-Light-Strawberry-Banana-Nonfat-Yogurt-6-oz-4-count/16778167
530341960,/ip/Oui-by-Yoplait-French-Style-Yogurt-Vanilla-5-oz-Jar/530341960
54199504,/ip/Dannon-Light-Fit-Fat-Free-Blended-Vanilla-Yogurt-5-3-Oz-4-Cupsa/54199504
21291516,/ip/Chobani-2-Greek-Yogurt-Mango-on-the-Bottom-5-3oz/21291516
741412782,/ip/Ice-Mountain-Sparkling-Water-Pomegranate-Lemonade-12-oz-Cans-8-Count/741412782
630381200,/ip/Ice-Mountain-Sparkling-Water-Raspberry-Lime-12-oz-Cans-8-Count/630381200
277562383,/ip/Ice-Mountain-Sparkling-Water-Summer-Strawberry-12-oz-Cans-8-Count/277562383
43848338,No URL
37332439,/ip/ZonePerfect-Protein-Bars-Chocolate-Peanut-Butter-14g-of-Protein-Nutrition-Bars-With-Vitamins-Minerals-Great-Taste-Guaranteed-10-Bars/37332439
45956707,/ip/Land-O-Lakes-Butter-with-Olive-Oil-Sea-Salt-13-oz/45956707
10804327,/ip/LA-LECHERA-Sweetened-Condensed-Milk-14-oz-Can/10804327
36333611,/ip/Goya-Premium-Chick-Peas-Garbanzo-Beans-15-5-Oz/36333611
14651651,/ip/Kraft-Light-Mayo-30-fl-oz-Jar/14651651
454333699,/ip/Tide-Simply-PODS-Oxi-Liquid-Laundry-Detergent-Pacs-Refreshing-Breeze-13-count/454333699
758331012,/ip/Duncan-Hines-Mug-Cakes-Walnut-Brownie-Mix-4-2-2-OZ-Pouches/758331012
313021060,/ip/Duncan-Hines-Dh-Ps1-Strawberry/313021060
52673136,/ip/Duncan-Hines-Comstock-Simply-Cherry-Pie-Filling-Topping-21-oz/52673136
10295697,/ip/Kraft-Classic-Catalina-Dressing-16-fl-oz-Bottle/10295697
188371403,No URL
